{"t0_0": [35.662690133922624, 46.46779642897565, 55.034217511808805, 60.2453653513376, 62.11781621600059, 61.46715343297452, 59.284959537343454, 56.30913219002928, 52.966385344716144, 49.522821520390906, 46.19118019743423, 43.10617064510607, 40.27155811483866, 37.59956461145943, 35.017126897666174, 32.512758009610906, 30.081018102962304, 27.669300485091423, 25.230160595287916, 22.827416662256176, 20.648705776287017, 18.87478676603679, 17.524938996906137, 16.433632038954258, 15.3837890278276, 14.275504833823513, 13.186401759704202, 12.283102909600837, 11.6682709568185, 11.289809118012103, 10.97521811329219, 10.549921331523068, 9.941137384667078, 9.195377656087206, 8.41542513137064, 7.683808388364663, 7.035103961316085, 6.4808038242234876, 6.040490931435747, 5.738924327581608, 5.57412961362985, 5.493967200464399, 5.409276649692436, 5.237180273125369, 4.943209583147763, 4.554268480823516, 4.137356673331587, 3.7600247707037693, 3.455797502682675, 3.2126663637830477], "t1_0": [35.65342010098754, 56.115624718377724, 64.64246141378193, 63.9178153784424, 61.189229132796925, 58.83831286790334, 56.65353215632346, 54.37960457275628, 51.84019197405028, 48.5272336030785, 44.987742988213334, 42.722388440631285, 41.004655214380826, 38.07215948884931, 33.67177690943716, 29.366999087944222, 26.66107905914688, 25.461209022282155, 25.412657715392925, 26.196947411473722, 25.828646846495623, 23.035154332746227, 19.40176260099487, 16.935256210232303, 16.274884952753087, 16.431552134852076, 15.93271205534075, 14.498901578447839, 13.037799230149218, 11.901930338425444, 11.030367933737939, 10.715322814317327, 10.547195032088638, 9.921680059751088, 9.02390856230663, 8.079879489069732, 7.188956545616865, 6.524458876127893, 5.971700492665603, 5.62089398940851, 5.8019751458267494, 6.092121782775972, 5.74784611230397, 4.9045873592140055, 4.114220105649048, 3.4726570155629544, 2.904541449415414, 2.4575586538533627, 2.2485927319678147, 2.3425534707867177], "t0_1": [33.729183737164675, 43.955487402685584, 52.21193135863103, 57.46574376429244, 59.652199872570755, 59.41878772586103, 57.63797237691957, 55.029535232214066, 52.0250891915251, 48.81589445180593, 45.47569611871341, 42.084856265537695, 38.808243797377834, 35.88444177545723, 33.51815679231171, 31.745443244492716, 30.38830781443751, 29.151968438486808, 27.788432019721185, 26.196520273356835, 24.408709215921245, 22.522895385062455, 20.652961790793622, 18.91101822927002, 17.3903151321858, 16.13299137334666, 15.10635507569987, 14.221692589610008, 13.39262402248589, 12.584618006300131, 11.811154070148765, 11.086861417527212, 10.39019817664455, 9.671395184826586, 8.89250418164612, 8.060823605428102, 7.23003370974851, 6.470355527402053, 5.828404977569887, 5.3044986623876085, 4.865389141319387, 4.482088710255905, 4.1572522133267, 3.9151747527044507, 3.76581504752931, 3.680517100773863, 3.6025249735578195, 3.4792766728900726, 3.2868209389642686, 3.032631221132548], "t1_1": [57.856326578276, 93.90355184813927, 108.52917126110975, 101.94743436623953, 88.32957092530064, 76.35854461804621, 68.50071401164126, 64.21061454934451, 60.25820199912346, 54.03802739752951, 47.35962866278396, 41.83743942285647, 36.28893476062411, 31.12229405761667, 27.642322518462258, 25.115195646326917, 22.148427649701272, 19.00755254059719, 16.725782261853723, 15.467844281273115, 15.245768395980665, 15.409017337734479, 14.625152766160875, 12.575889469981316, 10.2600753095152, 8.739217572874391, 7.95921979321947, 7.426177992973017, 6.922195998295979, 6.321219909958475, 5.697243052214242, 5.083731473308297, 4.534872118648133, 3.949213352441882, 3.261389070342253, 2.6285642855777116, 2.097206984680213, 1.853507815095925, 1.9272399716649737, 2.0029843106292953, 1.955962527944672, 1.8393274930077939, 1.6993517165853314, 1.6711654815435897, 1.7113600799735853, 1.4790090257684603, 0.9563398083311854, 0.48284125285283275, 0.23922059275144728, 0.2563520760877285], "t0_2": [36.009612050811484, 46.868077488212904, 55.37614357178787, 60.38047677811597, 61.9152395768264, 60.88745961221305, 58.42812276852689, 55.380296157182684, 52.15445928729323, 48.87283545377169, 45.57969099550284, 42.34483026353085, 39.238863642650266, 36.27861504688299, 33.43820309105695, 30.722138595721713, 28.21815301710537, 26.06534803536346, 24.354969181551095, 23.04631480764278, 21.97372802468877, 20.94426268297151, 19.847778657959267, 18.698585626589, 17.593403707105367, 16.628225553794564, 15.825993605568687, 15.111286998443731, 14.34829462755915, 13.424845351471623, 12.325752760082473, 11.13704563770468, 9.978923479161137, 8.928275176223211, 7.993584902704967, 7.148908275547542, 6.383618658398072, 5.723127678120459, 5.209005988192022, 4.860706146302595, 4.652868327741121, 4.526307368074618, 4.420942794903988, 4.301579638495859, 4.157492714037452, 3.9830972985018076, 3.7643891435344026, 3.487265841199003, 3.1571632544655537, 2.8045249849635274], "t1_2": [97.74942193894967, 148.4913077970246, 160.63638515453047, 142.98304852711738, 118.9078225787992, 98.05593034269118, 80.13073975447713, 63.965661724073804, 50.4043202686977, 40.60595804111865, 34.04545204152988, 29.08792295665784, 24.541481913047352, 20.126064008633048, 16.08512166948253, 12.534881632482223, 9.402260166958738, 7.089752677665442, 5.950344796639513, 5.4428613834227795, 4.861735120854751, 3.9911420847545496, 3.0417920335807436, 2.3821104325554656, 2.057615963433497, 1.994650402299101, 2.1418016342433472, 2.1570914956772, 1.8426619687517576, 1.3340635735730835, 0.8482509599659704, 0.5670060065674155, 0.4898082532544736, 0.5129241731707855, 0.5822047665749704, 0.6455569862903927, 0.6065213680225277, 0.4197648200562626, 0.18852916081692625, 0.05017079471246205, 0.007508466073839619, 0.0006150846033771141, 2.7198620907051315e-05, 6.443227847676691e-07, 8.14117367187006e-09, 5.47129425684521e-11, 1.9520967448373312e-13, 3.692718752379245e-16, 3.6999869797674133e-19, 1.962177521874745e-22], "tlist": [0.0, 0.0008, 0.0016, 0.0024000000000000002, 0.0032, 0.004, 0.0048000000000000004, 0.0056, 0.0064, 0.007200000000000001, 0.008, 0.0088, 0.009600000000000001, 0.010400000000000001, 0.0112, 0.012, 0.0128, 0.013600000000000001, 0.014400000000000001, 0.0152, 0.016, 0.016800000000000002, 0.0176, 0.0184, 0.019200000000000002, 0.02, 0.020800000000000003, 0.0216, 0.0224, 0.023200000000000002, 0.024, 0.024800000000000003, 0.0256, 0.0264, 0.027200000000000002, 0.028, 0.028800000000000003, 0.0296, 0.0304, 0.031200000000000002, 0.032, 0.0328, 0.033600000000000005, 0.0344, 0.0352, 0.036000000000000004, 0.0368, 0.0376, 0.038400000000000004, 0.0392]}